document_id,cleaned_text,sentiment
1,need help account recovery kindly send dm artificialintelligence datascience datascientists codenewbies tech deeplearning cybersecurity python coding javascript rstats daysofcode programming linux lot llot bigdata snapchat gmailhack,-1
2,updates phuket luxury market lures foreign investors cambodias booming intl trade phs increased ai use spurs demand data centres pgpropertyreport ai artificialintelligence datacentre luxurymarket newsroundup realestate trade,1
3,etfs price may volatile one things sure publicais ai training data even elon trump farts tweets could become valuable resource ai models ai machinelearning,0
4,mandatory password expiration helping hurting password security datasecurity privacy daysofcode cloudsecurity machinelearning phishing ransomware cybersecurity cyberattack dataprotection databreach hacked infosec scam cryptoscam cryptorecovery nft,0
5,mandatory password expiration helping hurting password security datasecurity privacy daysofcode cloudsecurity machinelearning phishing ransomware cybersecurity cyberattack dataprotection databreach hacked infosec scam cryptoscam cryptorecovery nft,0
6,rt generativeai risks concerns artificialintelligence machinelearning ml tech technology cc,-1
7,rt take full control ai experience local llm helper chrome extension connects browser local ai,1
8,creative minds play inside painting bit ai magic indiedev gamedev switch nindie madewithunity nintendolife pixelart bitart discord supermariomaker yoshi family artificialintelligence puzzle games indiegames,1
9,mandatory password expiration helping hurting password security datasecurity privacy daysofcode cloudsecurity machinelearning phishing ransomware cybersecurity cyberattack dataprotection databreach hacked infosec scam cryptoscam cryptorecovery nft,0
10,ai opened new possibilities technology connect collaborate forces us know consciousness ethics life ai aiethics consciousness humanai collaboration artificialintelligence support us,1
11,creative minds play inside painting bit ai magic indiedev gamedev switch nindie madewithunity nintendolife pixelart bitart discord supermariomaker yoshi family artificialintelligence puzzle games indiegames,1
12,rt bias medical algorithms one ais longrunning issues new guidelines ignite action sage lazzaro,0
13,rt periodic reminder writing study developingvalidating machinelearning clinical prediction,0
14,reasons network detection response future cybersecurity machinelearning ai cc,1
15,rt learn build ship ml models production gtgt building machinelearning powered applications goi,0
16,rt mathematical theory deeplearning download page pdf see also book,0
17,please click understand conscius mind ghost machine rather ghost connected machine mind consciousness philosophy ai artificialintelligence machineconsciousness engineering,0
18,account hacked dm help artificialintelligence datascience datascientists innovation deeplearning cybersecurity nocode python coding javascript rstats daysofcode programming linux lot lot trending python bitcoin b blockchain,-1
19,asphyxiationgrid automated trading system operates kucoin futurestrading implementing hybrid takashikotegawa strategy system combines advanced technical analysis machinelearning identify execute trading,0
20,forests open submissions new special issue new insights wood cutting wood processing guest editor prof dr jarosaw grski machining tool machinability materials pvd cvd coatings machinelearning,0
21,mandatory password expiration helping hurting password security datasecurity privacy daysofcode cloudsecurity machinelearning phishing ransomware cybersecurity cyberattack dataprotection databreach hacked infosec,0
22,account hacked account tempered need good hacker inbox hacking services hacked icloud snapchat discord roblox missingphone privacy cybersecurity cyberattack linux machinelearning datascience dataanalytics,-1
23,want earn income publishing bestselling title amazon kdp within hours using chatgpt proven tactics kickstart bestselling book amazon kdp using chatgpt access free report artificialintelligence ebook free freedownload,1
24,rt bias medical algorithms one ais longrunning issues new guidelines ignite action sage lazzaro,0
25,rt way accelerate use ai social good artificialintelligence machinelearning ml tech,1
26,new york times mission heal gila monsters new york times industry machinelearning artificialintelligence,0
27,deep seas sputnik moment revolutionizing ai training watch listen read full insight uschinaairace deepseekai opensourceai artificialintelligence uschinatensions aiinnovation tradewar nvidia bravepodcast,1
28,rt guide delve basics time series analysis using r providing solid foundation beginners,0
29,rt ascento security robot innovation robotics artificialintelligence machinelearning ai ml mi,1
30,asylons dronedog system robotics ai artificialintelligence machinelearning mi tech technology cc,1
31,quantumai ushering new era computing combining quantum computing artificial intelligence complex problems solved faster efficiently quantumai artificialintelligence quantumrevolution,1
32,rt local vs global variable python python programming developer programmer coding coder softwaredeveloper compute,0
33,rt types operators python python programming developer programmer coding coder softwaredeveloper computerscience,0
34,sale domains domainnames ai artificialintelligence media sitcom video tv network art aiart aiassistant digitalmarketing business sales,1
35,revolutionize ai advanced apis intelligent agents unlock new possibilities enhance performance today aiagents apex aryaai automation decisionmaking industrytransformation machinelearning,1
36,rage machine learning tshirt unisex ai artificialintelligence airebel techstyle machinelearningrevolution,0
37,aipowered robots learn human movements precision robotics researchers making significant advancements training aidriven robots replicate human movements incredible accuracy ai robotics ailatest humanoidrobot machinelearning,1
38,mandatory password expiration helping hurting password security datasecurity privacy daysofcode cloudsecurity machinelearning phishing ransomware cybersecurity cyberattack dataprotection databreach hacked infosec,0
39,account hacked account tempered need good hacker inbox hacking services hacked icloud snapchat discord roblox missingphone privacy cybersecurity cyberattack linux machinelearning datascience dataanalytics,-1
40,rt role ai dynamic pricing supplychain optimization learn,1
41,navigating digital risk transformation gainwithstewartilondanga ar ai mr xr g nft xai qml web saas aiot grok dapps dcaas mlops space slack devops fintech metaverse virtualreality wordpress cybersecurity machinelearning podcastandchill ps max xbox,0
42,grandiose architecture gainwithstewartilondanga ar ai mr xr g nft xai qml web saas aiot grok dapps dcaas mlops space slack devops fintech metaverse virtualreality wordpress cybersecurity machinelearning podcastandchill ps max xbox apple xiaomi x,1
43,prompts like swiss army knife brain deepseekai aiinnovation deeplearning techtrends futuretech artificialintelligence smartsolutions datadriven airevolution innovationintech,1
44,legacy ford werke gainwithstewartilondanga ar ai mr xr g nft xai qml web saas aiot grok dapps dcaas mlops space slack devops fintech metaverse virtualreality wordpress cybersecurity machinelearning podcastandchill ps max xbox apple xiaomi,0
45,distributed training ai reduce need data centres artificialintelligence,1
46,rt reasons network detection response future cybersecurity,0
47,robots evolving deepseeks grpo lets learn like humansrefining skills attempt rigid commands real adaptation watch ai robotics machinelearning,1
48,distilling sota embedding models ludovico bessi substack machinelearning,0
49,rt local vs global variable python python programming developer programmer coding coder softwaredeveloper compute,0
50,scihub communitys ai division announces first product scaich public beta exciting times ahead ai innovation curious potential ai techinnovation scihub scaich machinelearning artificialintelligence,1
51,deep agent matters ai longer rulebasedit learns adapts amp evolves deep agents push ai new heights enabling smarter automation amp realtime decisionmaking every industry artificialintelligence ai deepseek agent,1
52,hacking easy dm recover hack accounts missing phones datasecurity privacy daysofcode cloudsecurity machinelearning phishing ransomware cybersecurity cyberattack dataprotection databreach hacked infosecurity bot javascript python pytschool,-1
53,hacking recovery tracking missing phone finding someones location dm machinelearning jupyter sql datascience cybersecurity bigdata analytics python tensorflow javascript mispl datascientist linux programming coding daysofcode data flutter,-1
54,ai assistants help ai agents act want know one right read full blog find ai agents ai assistants artificialintelligence aiagents aiassistants,0
55,power feature engineering machine learning selecting right features creating new meaningful features transforming raw data better insights machinelearning ai datascience,1
56,rt python patterns made simple diamonds pyramids pascals triangle python programming developer programmer coding,0
57,rt way accelerate use ai social good artificialintelligence machinelearning ml tech,1
58,artificial intelligence reshaping infrastructure demands leading advanced network designs quicker installations keep pace increasing data requirements impact industry significant artificialintelligence,1
59,best ai month ai model stands month vote gemini chatgpt claude grok deepseek ai machinelearning bestai february,0
60,building local ai chatbot ollama deepseekr open webui lmm genai artificialintelligence deepseek ollama aichatbot openwebui,1
61,discover ai revolutionizing seo reshaping digital landscape learn thrive aipowered future seo artificialintelligence,1
62,alhamdhulillah im happy share ive obtained new certification foundation generative ai udacity generativeai genai llms pytorch udacity certification ai machinelearning,1
63,using deepseek r azure javascript machinelearning,0
64,become surround wahandisibookclub activistengineers artificialintelligence,0
65,new week new chances dominate game heroesai whos coming us another week evolution growth best opportunities await enter ca fxzbfprnbnqstxvymqudlkgnqxpextpump ai artificialintelligence,1
66,generativeai charting new course healthcare dave levy learn healthtech artificialintelligence ai mi machinelearning techforgood tech cc,1
67,ready take ai journey next level sign today join referral link ai machinelearning techinnovation inferiumio dataprocessing referral,0
68,least advanced instance makes pretty good argument considered sentience spectrum stop vid read bad chatgpt artificialintelligence sentience,0
69,opinion artificialintelligence might end media incur costs sevanti ninan media journalism chatgpt openai financialtimes,-1
70,rt generativeai risks concerns artificialintelligence machinelearning ml tech technology cc,-1
71,rt ppdock pocket predictionbased proteinligand blind docking docking jcim vol issue machinele,0
72,rt covcyspredictor predicting selective covalently modifiable cysteines using protein structure interpretable machine lear,0
73,promptoftheday food delivery boy try today jedaai artificialintelligence ai art artwork visualai aicanvas generativeaiworkspace,1
74,rt enhanced sampling simulations rnapeptide binding using deep learning collective variables rna moleculardynamics,0
75,aitechforexstockstradingcryptoblockchaininvestingmachinelearningdeeplearning bigdatacybersecuritynftmetaversewebbitcoinethereumaltcoinsdaytradingfintech cloudcomputingartificialintelligenceneuralnetworksdatascienceautomation,0
76,record someone messaged using tiktok account name elon musk photo looking cant find itsuddenly entered mind ai government politician vigilantangelsintelligence artificialintelligence earth pilipinas,0
77,configure xgboost growpolicy parameter xgboost datascience machinelearning,0
78,rt worlds first human procedure robotic dentist artificialintelligence robotics machinelearning,1
79,retail rag copilot azure ai studio prompty machinelearning chatgpt,0
80,rt learn build ship ml models production gtgt building machinelearning powered applications goi,0
81,creative minds play inside painting bit ai magic indiedev gamedev switch nindie madewithunity nintendolife pixelart bitart discord supermariomaker yoshi family artificialintelligence puzzle games indiegames,1
82,exciting opportunity neuralxai hiring data science amp machine learning interns perfect freshers looking gain handson experience ai amp ml apply amp kickstart career ai machinelearning internship hiring datascience,1
83,evolve obsolete architects tomorrow forged today ai chatgpt futureofwork artificialintelligence techinnovation machinelearning nextgenai airevolution thesingularity automation deeplearning aiforbusiness agi aichatbot sentinelai nexmind,1
84,backdoors encrypted services encryption security government artificialintelligence engineer viralvideos engineering reelsvideo technology viral viralreels tech ai,-1
85,flask amp django hosting made easy get fast secure python shared hosting hosting home visit us contact us pythonserver python programming coding java javascript programmer developer html coder code css machinelearning,1
86,please click understand timelessness conscious space mind consciousness philosophy ai artificialintelligence engineering,0
87,rt aitechforexstockstradingcryptoblockchaininvestingmachinelearningdeeplearning bigdatacybersecu,0
88,rt way accelerate use ai social good artificialintelligence machinelearning ml tech,1
89,profile magic takes place dubstep music electronicmusic ai artificialintelligence deviltunes,0
90,scikitlearn gaussian process whitekernel kernel scikitlearn datascience machinelearning,0
91,neuralxai looking data scienceml interns work aidriven intrusion detection connected vehicles remote canadaus month internship hiring aistartup datascience machinelearning cybersecurity,1
92,unleash power ai without complexity nodeshift ai makes easy deploy manage aiml models get started today nodeshiftai aiml machinelearning cloudcomputing,1
93,aiagent trending crypto meets ai starter guide ai agent investments qualifiedleads conversion globalreach salesautomation leadgeneration bsales artificialintelligence ai openai futureready,0
94,tech technologytrends innovation technews digitaltransformation futureoftech ai machinelearning cloudcomputing cybersecurity bigdata iot smartdevices techforgood robotics softwaredevelopment datascience g augmentedreality virtualreality techeducation,0
95,rt reasons network detection response future cybersecurity,0
96,best courses learn deep learning machinelearning deeplearning bigdata datascience ml healthtech datavisualization artificialinteligence softwareengineering genai deeplearning chatgpt openai,1
97,rt mostcited estimation surface concentrations germany tropomi satellite observations using machin,0
98,free statistics courses machinelearning deeplearning bigdata datascience ml healthtech datavisualization artificialinteligence softwareengineering genai deeplearning chatgpt openai python ai keras,1
99,data prep like cooking model training like baking deploying ml pipelines like opening restaurant ingredients must come together harmony whole dish falls apart mlpipelines machinelearning,1
100,level cycle security secure enough terry ziemniak via socialselling digitalselling leadership business cybersecurity artificialintelligence genai ciso cio cyberthreats cyberattacks databreaches cyberstrategy,0
