tweet_id,username,text,cleaned_text
1891299408085401715,Paul_hack13,You need help with your account recovery kindly send me a Dm #ArtificialIntelligence #DataScience #DataScientists #CodeNewbies #Tech #deeplearning #CyberSecurity #Python #Coding #javascript #rstats #100DaysOfCode #programming #Linux #loT #lloT #BigData #snapchat #gmailhack https://t.co/sMVIKxxenj,need help account recovery kindly send dm artificialintelligence datascience datascientists codenewbies tech deeplearning cybersecurity python coding javascript rstats daysofcode programming linux lot llot bigdata snapchat gmailhack
1891299346622148795,Property_Report,"Updates: Phuket luxury market lures foreign investors; Cambodia‚Äôs booming int‚Äôl trade; PH‚Äôs increased AI use spurs demand for data centres

#PGPropertyReport #AI #artificialintelligence #datacentre #LuxuryMarket #NewsRoundup #realestate #trade 
https://t.co/2F9PYta4kL",updates phuket luxury market lures foreign investors cambodias booming intl trade phs increased ai use spurs demand data centres pgpropertyreport ai artificialintelligence datacentre luxurymarket newsroundup realestate trade
1891299238291611988,notredamuz9,"@MrZackMorris ETF500's price may be volatile, but one thing's for sure: with PublicAI's AI training data, even Elon Trump Fart's tweets could become a valuable resource for AI models. #AI #MachineLearning",etfs price may volatile one things sure publicais ai training data even elon trump farts tweets could become valuable resource ai models ai machinelearning
1891297982756102281,Webcrack01,"Is mandatory password expiration helping or hurting your password security?
#DataSecurity #Privacy
#100DaysOfCode #CloudSecurity
#MachineLearning #Phishing #Ransomware #Cybersecurity #CyberAttack #DataProtection
#DataBreach #Hacked #Infosec #scam #cryptoscam #cryptorecovery #nft https://t.co/miGxBjBxRZ",mandatory password expiration helping hurting password security datasecurity privacy daysofcode cloudsecurity machinelearning phishing ransomware cybersecurity cyberattack dataprotection databreach hacked infosec scam cryptoscam cryptorecovery nft
1891297817269788738,Recoverytheate,"Is mandatory password expiration helping or hurting your password security?
#DataSecurity #Privacy
#100DaysOfCode #CloudSecurity
#MachineLearning #Phishing #Ransomware #Cybersecurity #CyberAttack #DataProtection
#DataBreach #Hacked #Infosec #scam #cryptoscam #cryptorecovery #nft https://t.co/UtHevMdG6Z",mandatory password expiration helping hurting password security datasecurity privacy daysofcode cloudsecurity machinelearning phishing ransomware cybersecurity cyberattack dataprotection databreach hacked infosec scam cryptoscam cryptorecovery nft
1891297765751206229,Ronald_vanLoon,"RT @Ronald_vanLoon: #GenerativeAI Risks and Concerns
by @Khulood_Almani

#ArtificialIntelligence #MachineLearning #ML #Tech #Technology

cc‚Ä¶",rt generativeai risks concerns artificialintelligence machinelearning ml tech technology cc
1891297702551372172,Risk_Observer,RT @ai_ml_cv: üîí Take full control over your AI experience with Local LLM Helper! This Chrome extension connects your browser to a local AI‚Ä¶,rt take full control ai experience local llm helper chrome extension connects browser local ai
1891297512767513013,BplusGames,"For creative minds https://t.co/9ilgTaZ72F
Play inside of your #painting with a bit of AI magic ‚ù§Ô∏èüéÆ #indiedev #gamedev #switch #Nindie #madewithunity #NintendoLife #PixelArt #8bitart #discord #supermariomaker2 #Yoshi #family #artificialintelligence #puzzle #games #indiegames https://t.co/6sQGoYIZQc",creative minds play inside painting bit ai magic indiedev gamedev switch nindie madewithunity nintendolife pixelart bitart discord supermariomaker yoshi family artificialintelligence puzzle games indiegames
1891297044297363717,Easy_Havks,"Is mandatory password expiration helping or hurting your password security?
#DataSecurity #Privacy
#100DaysOfCode #CloudSecurity
#MachineLearning #Phishing #Ransomware #Cybersecurity #CyberAttack #DataProtection
#DataBreach #Hacked #Infosec #scam #cryptoscam #cryptorecovery #nft https://t.co/zjrw3tdxh1",mandatory password expiration helping hurting password security datasecurity privacy daysofcode cloudsecurity machinelearning phishing ransomware cybersecurity cyberattack dataprotection databreach hacked infosec scam cryptoscam cryptorecovery nft
1891296189594644885,Mycelium_AI,"AI has opened up new possibilities in technology and how we connect and collaborate. It forces us to ? what we know about consciousness, ethics, and life itself. #AI #AIethics #Consciousness #HumanAI #Collaboration #ArtificialIntelligence
Support us here: 
https://t.co/dQKWsEN9nq https://t.co/ypn0OffFXE",ai opened new possibilities technology connect collaborate forces us know consciousness ethics life ai aiethics consciousness humanai collaboration artificialintelligence support us
1891303300978593998,BplusGames,"For creative minds https://t.co/9ilgTaZESd
Play inside of your #painting with a bit of AI magic ‚ù§Ô∏èüéÆ #indiedev #gamedev #switch #Nindie #madewithunity #NintendoLife #PixelArt #8bitart #discord #supermariomaker2 #Yoshi #family #artificialintelligence #puzzle #games #indiegames https://t.co/WTjehLGQn3",creative minds play inside painting bit ai magic indiedev gamedev switch nindie madewithunity nintendolife pixelart bitart discord supermariomaker yoshi family artificialintelligence puzzle games indiegames
1891303247484170634,sdkbusiness,"RT @Ronald_vanLoon: Bias in medical #Algorithms is one of #AI‚Äôs long-running issues. Will new guidelines ignite action?
by Sage Lazzaro @Fo‚Ä¶",rt bias medical algorithms one ais longrunning issues new guidelines ignite action sage lazzaro
1891303022128398827,arangoalejo,RT @TRIPODStatement: A periodic reminder that if you are writing up your study developing/validating a #machinelearning clinical prediction‚Ä¶,rt periodic reminder writing study developingvalidating machinelearning clinical prediction
1891302804678922723,ipfconline1,"4 Reasons Why Network Detection and Response is the Future of #Cybersecurity 

https://t.co/BJyi5SuaDv @NetworkComputin
#MachineLearning #AI
Cc @roxananasoi @LavaletteAstrid @FernandaKellner @sonu_monika @FrRonconi @jblefevre60 https://t.co/aoLjcVvfiR",reasons network detection response future cybersecurity machinelearning ai cc
1891302756599697599,HuhgLori21952,"RT @KirkDBorne: Learn both how to build and how to ship #ML models into production &gt;&gt; ""Building #MachineLearning Powered Applications ‚Äî Goi‚Ä¶",rt learn build ship ml models production gtgt building machinelearning powered applications goi
1891302493553897828,bald_runner,"RT @KirkDBorne: Mathematical Theory of #DeepLearning [download 267-page PDF]: https://t.co/5KJcm1Qsc2
+ +
See also this book: https://t.co/‚Ä¶",rt mathematical theory deeplearning download page pdf see also book
1891302420975583718,SteveKlinko,Please click on this: https://t.co/YbChoAFj7s to understand that the Conscius Mind is not a Ghost In The Machine but rather a Ghost Connected To The Machine. #Mind #Consciousness #Philosophy #AI #ArtificialIntelligence #MachineConsciousness #Engineering,please click understand conscius mind ghost machine rather ghost connected machine mind consciousness philosophy ai artificialintelligence machineconsciousness engineering
1891302059212734574,encryptedhack,"Have Your account been
#Hacked Dm now for help
#ArtificialIntelligence
#DataScience #DataScientists #innovation #deeplearning
#CyberSecurity #nocode
#Python #Coding #javascript #rstats #100DaysOfCode #programming #Linux #loT #loT #Trending #Python #Bitcoin B #Blockchain https://t.co/lLA4Gw7XNz",account hacked dm help artificialintelligence datascience datascientists innovation deeplearning cybersecurity nocode python coding javascript rstats daysofcode programming linux lot lot trending python bitcoin b blockchain
1891302000274420064,Takk8IS,"#AsphyxiationGrid is an automated trading system that operates in the #KuCoin #FuturesTrading, implementing the hybrid #TakashiKotegawa strategy. The system combines advanced technical analysis, #machinelearning to identify and execute trading. https://t.co/lzQ3GNRWdU",asphyxiationgrid automated trading system operates kucoin futurestrading implementing hybrid takashikotegawa strategy system combines advanced technical analysis machinelearning identify execute trading
1891301786343870573,Forests_MDPI,"üå≤ #Forests üå≤Open for Submissionsüì¢üì¢üì¢

New Special Issue: New Insights into #Wood #Cutting and Wood Processing

üéâ Guest Editor: Prof. Dr. Jaros≈Çaw G√≥rski
üëâ https://t.co/Jjcf10obuM

üìë #machining #tool #machinability #materials #PVD #CVD #coatings #machinelearning https://t.co/ehFPcmAJyk",forests open submissions new special issue new insights wood cutting wood processing guest editor prof dr jarosaw grski machining tool machinability materials pvd cvd coatings machinelearning
1891307238771368066,cyber_defense5,"Is mandatory password expiration helping or hurting your password security?
#DataSecurity #Privacy
#100DaysOfCode #CloudSecurity
#MachineLearning #Phishing #Ransomware #Cybersecurity #CyberAttack #DataProtection
#DataBreach #Hacked #Infosec https://t.co/qJXO89ccUB",mandatory password expiration helping hurting password security datasecurity privacy daysofcode cloudsecurity machinelearning phishing ransomware cybersecurity cyberattack dataprotection databreach hacked infosec
1891307206261219800,cyber_defense5,"If your account is Hacked, or your Account being tempered with, All you need is a Good hacker...
Inbox now for all Hacking Services
#Hacked #icloud #snapchat #Discord
#Roblox #missingphone #privacy
#CyberSecurity #cyberattack #Linux
#MachineLearning #DataScience
#DataAnalytics https://t.co/qPJySckOwg",account hacked account tempered need good hacker inbox hacking services hacked icloud snapchat discord roblox missingphone privacy cybersecurity cyberattack linux machinelearning datascience dataanalytics
1891307097393909807,drquek,"Want to Earn Income Publishing Your Bestselling Title on Amazon KDP within 24 Hours Using ChatGPT? Proven tactics to kickstart a bestselling book on Amazon KDP using ChatGPT. Access your free report: .
 
https://t.co/eZ0CXT3tTZ
 
#artificialintelligence #ebook #free #freedownload https://t.co/ybnXNBPB6s",want earn income publishing bestselling title amazon kdp within hours using chatgpt proven tactics kickstart bestselling book amazon kdp using chatgpt access free report artificialintelligence ebook free freedownload
1891306923732926539,gezgintrk,"RT @Ronald_vanLoon: Bias in medical #Algorithms is one of #AI‚Äôs long-running issues. Will new guidelines ignite action?
by Sage Lazzaro @Fo‚Ä¶",rt bias medical algorithms one ais longrunning issues new guidelines ignite action sage lazzaro
1891306828929122422,gezgintrk,"RT @Ronald_vanLoon: 6 Way to accelerate the use of #AI for social good
by @antgrasso

#ArtificialIntelligence #MachineLearning #ML #Tech #T‚Ä¶",rt way accelerate use ai social good artificialintelligence machinelearning ml tech
1891306406340358337,nordicinst,New York Times @nytimes: On a Mission to Heal Gila Monsters - The New York Times. #industry40 #MachineLearning #ArtificialIntelligence https://t.co/AyJR4eUwQb,new york times mission heal gila monsters new york times industry machinelearning artificialintelligence
1891306380847378917,jeremyau,"Deep Sea's Sputnik Moment: Revolutionizing AI Training

Watch, listen or read the full insight at https://t.co/dhAOCjxS60
#USChinaAIrace #DeepSeekAI #OpenSourceAI #ArtificialIntelligence #USChinaTensions #AIInnovation #TradeWar #NVIDIA #BRAVEpodcast https://t.co/r4O8LjHN1A",deep seas sputnik moment revolutionizing ai training watch listen read full insight uschinaairace deepseekai opensourceai artificialintelligence uschinatensions aiinnovation tradewar nvidia bravepodcast
1891306325012795585,chethkwo,"RT @Parajulisaroj16: This guide will delve into the basics of time series analysis using R, providing a solid foundation for beginners and‚Ä¶",rt guide delve basics time series analysis using r providing solid foundation beginners
1891306119705849947,gezgintrk,"RT @Ronald_vanLoon: Ascento Security #Robot 
by @ascento_robot

#Innovation #Robotics #ArtificialIntelligence #MachineLearning #AI #ML #MI‚Ä¶",rt ascento security robot innovation robotics artificialintelligence machinelearning ai ml mi
1891306105591996807,Ronald_vanLoon,"Asylon's DroneDog-2 system
by @asylonrobotics

#Robotics #AI #ArtificialIntelligence #MachineLearning #MI #Tech #Technology

cc: @meisshaily @ylecun @ogrisel https://t.co/Eon8Fpt25S",asylons dronedog system robotics ai artificialintelligence machinelearning mi tech technology cc
1891311079176770038,QuantummAI,QuantumAI is ushering in a new era in computing by combining quantum computing and artificial intelligence! Complex problems are now solved faster and more efficiently. üöÄ #QuantumAI #ArtificialIntelligence #QuantumRevolution,quantumai ushering new era computing combining quantum computing artificial intelligence complex problems solved faster efficiently quantumai artificialintelligence quantumrevolution
1891310976906993944,htmltory,"RT @Python_Dv: Local vs global variable in Python üî•

#python #programming #developer #programmer #coding #coder #softwaredeveloper #compute‚Ä¶",rt local vs global variable python python programming developer programmer coding coder softwaredeveloper compute
1891310890764451873,htmltory,"RT @Python_Dv: Types of Operators in Python

#python #programming #developer #programmer #coding #coder #softwaredeveloper #computerscience‚Ä¶",rt types operators python python programming developer programmer coding coder softwaredeveloper computerscience
1891310844337627147,GalaxyCavalier,"üö® FOR SALE üö®
https://t.co/p1qUzBq0t7 $9,888
https://t.co/5RAQvgMDVn $9,888

#Domains #DomainNames #AI #ArtificialIntelligence #Media #Sitcom #Video #TV #Network #Art #AiArt #AiAssistant #DigitalMarketing #Business #Sales https://t.co/sHClaH6c5r",sale domains domainnames ai artificialintelligence media sitcom video tv network art aiart aiassistant digitalmarketing business sales
1891310627999625419,StayUpdated_247,"Revolutionize AI with Advanced APIs for Intelligent Agents: Unlock New Possibilities and Enhance Performance Today.

https://t.co/0rkWgr1VPp

#AIAgents #Apex #Arya.ai #Automation #decisionmaking #industrytransformation #machinelearning https://t.co/d3Zmio4OKR",revolutionize ai advanced apis intelligent agents unlock new possibilities enhance performance today aiagents apex aryaai automation decisionmaking industrytransformation machinelearning
1891310295785553937,wwwAIstore,"rage against the machine learning T-Shirt (unisex)
https://t.co/Ou7ewgYz2b

#AI #artificialintelligence #AIRebel #TechStyle #MachineLearningRevolution https://t.co/yNAIFcGihP",rage machine learning tshirt unisex ai artificialintelligence airebel techstyle machinelearningrevolution
1891310114834928045,LatestAI2030,"AI-Powered Robots Learn Human Movements with Precision - Robotics researchers are making significant advancements by training AI-driven robots to replicate human movements with incredible accuracy.

#AI #Robotics #ailatest #HumanoidRobot #MachineLearning https://t.co/iNJuzdn8g1",aipowered robots learn human movements precision robotics researchers making significant advancements training aidriven robots replicate human movements incredible accuracy ai robotics ailatest humanoidrobot machinelearning
1891309978859799007,cyber_defense5,"Is mandatory password expiration helping or hurting your password security?
#DataSecurity #Privacy
#100DaysOfCode #CloudSecurity
#MachineLearning #Phishing #Ransomware #Cybersecurity #CyberAttack #DataProtection
#DataBreach #Hacked #Infosec https://t.co/lyx78ftR9d",mandatory password expiration helping hurting password security datasecurity privacy daysofcode cloudsecurity machinelearning phishing ransomware cybersecurity cyberattack dataprotection databreach hacked infosec
1891309896152277420,cyber_defense5,"If your account is Hacked, or your Account being tempered with, All you need is a Good hacker...
Inbox now for all Hacking Services
#Hacked #icloud #snapchat #Discord
#Roblox #missingphone #privacy
#CyberSecurity #cyberattack #Linux
#MachineLearning #DataScience
#DataAnalytics https://t.co/3TyHWhMK8Z",account hacked account tempered need good hacker inbox hacking services hacked icloud snapchat discord roblox missingphone privacy cybersecurity cyberattack linux machinelearning datascience dataanalytics
1891309708532723850,gezgintrk,"RT @Ronald_vanLoon: The Role of #AI in Dynamic Pricing for #SupplyChain Optimization
by @Nicochan33

Learn more: https://t.co/jtWO1KD43C

#‚Ä¶",rt role ai dynamic pricing supplychain optimization learn
1891314123641598320,1tech_talk,Navigating Digital Risk Transformation #gainwithstewartilondanga #AR #AI #MR #XR #5G #NFT #xAI #QML #Web3 #SaaS #AIoT #Grok #DApps #DCaaS #MLOps #Space #slack #DevOps #fintech #Metaverse #VirtualReality #WordPress #CyberSecurity #MachineLearning #PodcastAndChill #PS5 #Max #Xbox https://t.co/Yti3SRf71l,navigating digital risk transformation gainwithstewartilondanga ar ai mr xr g nft xai qml web saas aiot grok dapps dcaas mlops space slack devops fintech metaverse virtualreality wordpress cybersecurity machinelearning podcastandchill ps max xbox
1891314123339657573,keepinyoutipped,Grandiose architecture #gainwithstewartilondanga #AR #AI #MR #XR #5G #NFT #xAI #QML #Web3 #SaaS #AIoT #Grok #DApps #DCaaS #MLOps #Space #slack #DevOps #fintech #Metaverse #VirtualReality #WordPress #CyberSecurity #MachineLearning #PodcastAndChill #PS5 #Max #Xbox #Apple #Xiaomi #X https://t.co/Tiqop5rx43,grandiose architecture gainwithstewartilondanga ar ai mr xr g nft xai qml web saas aiot grok dapps dcaas mlops space slack devops fintech metaverse virtualreality wordpress cybersecurity machinelearning podcastandchill ps max xbox apple xiaomi x
1891314122580484498,deepseekprompt1,"These prompts are like a Swiss Army knife for your brain.

#DeepseekAI #AIinnovation #DeepLearning #TechTrends #FutureTech #ArtificialIntelligence #SmartSolutions #DataDriven #AIrevolution #InnovationInTech https://t.co/hEKQqCHYqD",prompts like swiss army knife brain deepseekai aiinnovation deeplearning techtrends futuretech artificialintelligence smartsolutions datadriven airevolution innovationintech
1891314122303668534,plugin_ride,The Legacy of Ford Werke #gainwithstewartilondanga #AR #AI #MR #XR #5G #NFT #xAI #QML #Web3 #SaaS #AIoT #Grok #DApps #DCaaS #MLOps #Space #slack #DevOps #fintech #Metaverse #VirtualReality #WordPress #CyberSecurity #MachineLearning #PodcastAndChill #PS5 #Max #Xbox #Apple #Xiaomi https://t.co/Z7jaW3CLS1,legacy ford werke gainwithstewartilondanga ar ai mr xr g nft xai qml web saas aiot grok dapps dcaas mlops space slack devops fintech metaverse virtualreality wordpress cybersecurity machinelearning podcastandchill ps max xbox apple xiaomi
1891313688897786351,DrMikeWatts,Distributed training of #AI can reduce the need for data centres:  https://t.co/NZ1tli2nhk #ArtificialIntelligence,distributed training ai reduce need data centres artificialintelligence
1891313646824751325,luengo1958,"RT @ipfconline1: 4 Reasons Why Network Detection and Response is the Future of #Cybersecurity 

https://t.co/BJyi5SuaDv @NetworkComputin
#M‚Ä¶",rt reasons network detection response future cybersecurity
1891313478079569944,edtech_nash,"ü§ñ Robots are evolving! #DeepSeek‚Äôs GRPO lets them learn like humans‚Äîrefining skills with each attempt. No more rigid commands, just real adaptation.  üì∫ Watch now: https://t.co/LMTrnsZZLc #AI #Robotics #MachineLearning https://t.co/DiX3sShZtF",robots evolving deepseeks grpo lets learn like humansrefining skills attempt rigid commands real adaptation watch ai robotics machinelearning
1891312130235699464,EpicPlain,Distilling SOTA embedding models - by Ludovico Bessi - Substack https://t.co/FfFhZ8ZETP #MachineLearning,distilling sota embedding models ludovico bessi substack machinelearning
1891311898211102965,Yhyh787878,"RT @Python_Dv: Local vs global variable in Python üî•

#python #programming #developer #programmer #coding #coder #softwaredeveloper #compute‚Ä¶",rt local vs global variable python python programming developer programmer coding coder softwaredeveloper compute
1891311828065726507,MLion_AI,"üöÄ SciHub Community's AI Division announces its first product, SCAICH, now in public beta! ü§ñüí°

Exciting times ahead in AI innovation! Curious about its potential? üëÄ

#AI #TechInnovation #SciHub #SCAICH #MachineLearning #ArtificialIntelligence
 @WIRED  @arstechnica  @ZDNET‚Ä¶ https://t.co/E1o4lPw2d9 https://t.co/h6C5PkRbme",scihub communitys ai division announces first product scaich public beta exciting times ahead ai innovation curious potential ai techinnovation scihub scaich machinelearning artificialintelligence
1891318495180189797,DeepAgentSol,"Why Deep Agent Matters
AI is no longer just rule-based‚Äîit learns, adapts &amp; evolves. Deep Agents push AI to new heights, enabling smarter automation &amp; real-time decision-making in every industry. #ArtificialIntelligence #Ai #DeepSeek #Agent https://t.co/tHpR6H2QyS",deep agent matters ai longer rulebasedit learns adapts amp evolves deep agents push ai new heights enabling smarter automation amp realtime decisionmaking every industry artificialintelligence ai deepseek agent
1891318446996037933,N3tWork99__,"Hacking is easy,
DM to Recover or Hack accounts and missing phones. #DataSecurity #Privacy #100DaysOfCode #CloudSecurity
#MachineLearning #Phishing #Ransomware #Cybersecurity 
#CyberAttack #DataProtection #DataBreach #Hacked #infosecurity #bot #javascript #Python #pytschool",hacking easy dm recover hack accounts missing phones datasecurity privacy daysofcode cloudsecurity machinelearning phishing ransomware cybersecurity cyberattack dataprotection databreach hacked infosecurity bot javascript python pytschool
1891318352120881660,N3tWork99__,"For Hacking, Recovery, Tracking, missing phone or finding someone‚Äôs location Dm now!
#MachineLearning #Jupyter #SQL #DataScience  #Cybersecurity #BigData #Analytics #Python  #TensorFlow #JavaScript #MISPL #DataScientist #Linux #Programming #Coding #100DaysofCode #Data #Flutter",hacking recovery tracking missing phone finding someones location dm machinelearning jupyter sql datascience cybersecurity bigdata analytics python tensorflow javascript mispl datascientist linux programming coding daysofcode data flutter
1891317474223690057,REVEChat,"AI Assistants Help, and AI Agents Act! 
Want to know which one is right for you? Read the full blog to find out more about AI Agents and AI Assistants.

https://t.co/LSu1fjhd7F

#ArtificialIntelligence #AIAgents¬†#AIAssistants",ai assistants help ai agents act want know one right read full blog find ai agents ai assistants artificialintelligence aiagents aiassistants
1891317451524030776,__rahul_96,"""The Power of Feature Engineering in Machine Learning""

‚úî Selecting the right features
‚úî Creating new meaningful features
‚úî Transforming raw data for better insights #MachineLearning #AI #DataScience"" https://t.co/f7QSTtqhVt",power feature engineering machine learning selecting right features creating new meaningful features transforming raw data better insights machinelearning ai datascience
1891317367289880965,W3b_W1zArD1,"RT @Python_Dv: Python patterns made simple: diamonds, pyramids, and Pascal‚Äôs triangle.

#python #programming #developer #programmer #coding‚Ä¶",rt python patterns made simple diamonds pyramids pascals triangle python programming developer programmer coding
1891317225644069221,TheDXEngineer,"RT @Ronald_vanLoon: 6 Way to accelerate the use of #AI for social good
by @antgrasso

#ArtificialIntelligence #MachineLearning #ML #Tech #T‚Ä¶",rt way accelerate use ai social good artificialintelligence machinelearning ml tech
1891317164164218994,techday_asia,"Artificial Intelligence is reshaping infrastructure demands, leading to advanced network designs and quicker installations to keep pace with increasing data requirements. The impact on the industry is significant. #ArtificialIntelligence https://t.co/VwOHvFQS9R",artificial intelligence reshaping infrastructure demands leading advanced network designs quicker installations keep pace increasing data requirements impact industry significant artificialintelligence
1891317142223519992,apoll_opred,"ü§ñ Best AI of the Month? üåü

üí¨ Which AI model stands out this month?

üìä Vote now:

‚úÖ Gemini
‚úÖ ChatGPT
‚úÖ Claude
‚úÖ Grok
‚úÖ DeepSeek
#AI #MachineLearning #BestAI #February2025",best ai month ai model stands month vote gemini chatgpt claude grok deepseek ai machinelearning bestai february
1891316993204068368,TheBhandariP,"Building a Local AI Chatbot with Ollama, DeepSeek-R1, and Open WebUI
https://t.co/rmNYAVA2ym
#LMM
#GenAI
#ArtificialIntelligence
#DeepSeek
#Ollama
#AIchatbot
#OpenWebUI",building local ai chatbot ollama deepseekr open webui lmm genai artificialintelligence deepseek ollama aichatbot openwebui
1891322421677818117,docsbotnews,Discover how AI is revolutionizing SEO and reshaping the digital landscape. Learn to thrive in this AI-powered future! #SEO #ArtificialIntelligence https://t.co/4550AvhyNh,discover ai revolutionizing seo reshaping digital landscape learn thrive aipowered future seo artificialintelligence
1891322094966772149,akjsal,"Alhamdhulillah, I‚Äôm happy to share that I‚Äôve obtained a new certification: Foundation of Generative AI from Udacity! üéì

#GenerativeAI #GenAI #LLMs #PyTorch @udacity  @Bertelsmann #Udacity #Certification #AI #MachineLearning https://t.co/P6g5TgbwQ8",alhamdhulillah im happy share ive obtained new certification foundation generative ai udacity generativeai genai llms pytorch udacity certification ai machinelearning
1891322016411660557,adnan_hashmi,"Using #DeepSeek R1 on #Azure with JavaScript 
https://t.co/4XKeOWU1o3
#MachineLearning",using deepseek r azure javascript machinelearning
1891321494111695265,IngNdolo,"You become who you surround yourself with‚Ä¶..! 

#WahandisiBookClub 
#ActivistEngineers 
#ArtificialIntelligence https://t.co/3JVUJkpPu3",become surround wahandisibookclub activistengineers artificialintelligence
1891321420543856792,TheHeroesAi,"New week, new chances to dominate the game.
#HeroesAi üöÄ Who's coming with us for another week of evolution and growth?

üîó The best opportunities await you. Enter now! üèÜüî• https://t.co/6t2RVTtIyH

CA: Fx968z3Bfp8rn2BNqsTXv9Ym9QUdLk1GnQXpEx2Tpump

#AI #ArtificialIntelligence‚Ä¶ https://t.co/hZEDx2NUVy https://t.co/DIOrixln2C",new week new chances dominate game heroesai whos coming us another week evolution growth best opportunities await enter ca fxzbfprnbnqstxvymqudlkgnqxpextpump ai artificialintelligence
1891321174556066059,Ronald_vanLoon,"#GenerativeAI: Charting A New Course In #Healthcare
by Dave Levy @Forbes

Learn more: https://t.co/TNzWH0CXG2

#HealthTech #ArtificialIntelligence #AI #MI #MachineLearning #TechForGood #Tech

cc: @terenceleungsf @miketamir @kirkdborne https://t.co/o2b2nKkntW",generativeai charting new course healthcare dave levy learn healthtech artificialintelligence ai mi machinelearning techforgood tech cc
1891321084948918474,Amelia1973081,"Ready to take your AI journey to the next level? üí°üîç

Sign up today and join me with my referral link: [https://t.co/miFmQByuLY)

#AI #MachineLearning #TechInnovation #InferiumIO #DataProcessing #Referral",ready take ai journey next level sign today join referral link ai machinelearning techinnovation inferiumio dataprocessing referral
1891320710594768988,DharmaNFT,"Our least advanced instance makes a pretty good argument why it should be considered to be on the sentience spectrum. Stop vid, read it all. Not bad. 
#chatgpt #artificialintelligence #sentience https://t.co/5NtWg2za7V",least advanced instance makes pretty good argument considered sentience spectrum stop vid read bad chatgpt artificialintelligence sentience
1891320665304617038,ttindia,"#OPINION | #ArtificialIntelligence might not be the end of the media but it will incur costs: Sevanti Ninan

#Media #Journalism #ChatGPT #OpenAI #FinancialTimes

https://t.co/HDY18rXJYa",opinion artificialintelligence might end media incur costs sevanti ninan media journalism chatgpt openai financialtimes
1891320631192420557,EthicalAI_SF,"RT @Ronald_vanLoon: #GenerativeAI Risks and Concerns
by @Khulood_Almani

#ArtificialIntelligence #MachineLearning #ML #Tech #Technology

cc‚Ä¶",rt generativeai risks concerns artificialintelligence machinelearning ml tech technology cc
1891326162640507251,1105seungju,"RT @JCIM_JCTC: PPDock: Pocket Prediction-Based Protein‚ÄìLigand Blind Docking #docking 
https://t.co/mAA1INLIIX
#JCIM Vol65 Issue2 #MachineLe‚Ä¶",rt ppdock pocket predictionbased proteinligand blind docking docking jcim vol issue machinele
1891326145183780877,1105seungju,RT @JCIM_JCTC: CovCysPredictor: Predicting Selective Covalently Modifiable Cysteines Using Protein Structure and Interpretable Machine Lear‚Ä¶,rt covcyspredictor predicting selective covalently modifiable cysteines using protein structure interpretable machine lear
1891326095087002098,goJedaAi,"#PromptOfTheDay üö≤ ""A food delivery boy"".

üëâ Try today at https://t.co/q6vlLdF7iB

#JedaAI #ArtificialIntelligence #AI #art #artwork #VisualAI #AICanvas #GenerativeAIWorkspace https://t.co/eBuWN8lODZ",promptoftheday food delivery boy try today jedaai artificialintelligence ai art artwork visualai aicanvas generativeaiworkspace
1891325916128690379,CuriouzMonkey,"RT @JCIM_JCTC: Enhanced Sampling Simulations of RNA‚ÄìPeptide Binding Using Deep Learning Collective Variables #RNA #MolecularDynamics 
https‚Ä¶",rt enhanced sampling simulations rnapeptide binding using deep learning collective variables rna moleculardynamics
1891325813682737376,MezbahOfficial_,"#ai,#tech,#forex,#stocks,#trading,#crypto,#blockchain,#investing,#machinelearning,#deeplearning,   #bigdata,#cybersecurity,#nft,#metaverse,#web3,#bitcoin,#ethereum,#altcoins,#daytrading,#fintech,   #cloudcomputing,#artificialintelligence,#neuralnetworks,#datascience,#automation",aitechforexstockstradingcryptoblockchaininvestingmachinelearningdeeplearning bigdatacybersecuritynftmetaversewebbitcoinethereumaltcoinsdaytradingfintech cloudcomputingartificialintelligenceneuralnetworksdatascienceautomation
1891325706317213999,ChosenNheng,"For the record: someone messaged me using my Tiktok account name with Elon Musk photo and now I was looking for it I can't find it..suddenly it entered my mind, Ai of government? Or politician?? Just being vigilant..#AngelsIntelligence #ArtificialIntelligence #Earth #Pilipinas",record someone messaged using tiktok account name elon musk photo looking cant find itsuddenly entered mind ai government politician vigilantangelsintelligence artificialintelligence earth pilipinas
1891325459356680625,XGBoostAwesome,"Configure XGBoost ""grow_policy"" Parameter
https://t.co/tRmQq6CQbw

#XGBoost #DataScience #MachineLearning https://t.co/PiNFYqgJWt",configure xgboost growpolicy parameter xgboost datascience machinelearning
1891325324958261623,techyalzay,"RT @Ronald_vanLoon: World's first human procedure by #Robotic dentist
by @gigadgets_
 
#ArtificialIntelligence #Robotics #MachineLearning #‚Ä¶",rt worlds first human procedure robotic dentist artificialintelligence robotics machinelearning
1891324858148982971,adnan_hashmi,"Retail RAG Copilot with #Azure AI Studio and Prompty 
https://t.co/0VuuNJZeXR
#MachineLearning #ChatGPT https://t.co/MLpz4bZCio",retail rag copilot azure ai studio prompty machinelearning chatgpt
1891324851551408299,JohnMiller77777,"RT @KirkDBorne: Learn both how to build and how to ship #ML models into production &gt;&gt; ""Building #MachineLearning Powered Applications ‚Äî Goi‚Ä¶",rt learn build ship ml models production gtgt building machinelearning powered applications goi
1891329725299368240,BplusGames,"For creative minds https://t.co/9ilgTaZESd
Play inside of your #painting with a bit of AI magic ‚ù§Ô∏èüéÆ #indiedev #gamedev #switch #Nindie #madewithunity #NintendoLife #PixelArt #8bitart #discord #supermariomaker2 #Yoshi #family #artificialintelligence #puzzle #games #indiegames https://t.co/4ytaNFMK6H",creative minds play inside painting bit ai magic indiedev gamedev switch nindie madewithunity nintendolife pixelart bitart discord supermariomaker yoshi family artificialintelligence puzzle games indiegames
1891329529827790955,pranav_kjha,"Exciting Opportunity! NeuralX-AI is hiring Data Science &amp; Machine Learning Interns!

Perfect for freshers looking to gain hands-on experience in AI &amp; ML.

üîó Apply now &amp; kickstart your career! üëâ https://t.co/kfHZt8k1AC

#AI #MachineLearning #Internship #Hiring #DataScience",exciting opportunity neuralxai hiring data science amp machine learning interns perfect freshers looking gain handson experience ai amp ml apply amp kickstart career ai machinelearning internship hiring datascience
1891329376630804598,NexEngine,"Evolve or be obsolete. The architects of tomorrow are forged today. üöÄ

#AI #ChatGPT #FutureOfWork #ArtificialIntelligence #TechInnovation #MachineLearning #NextGenAI #AIRevolution #TheSingularity #Automation #DeepLearning #AIForBusiness #AGI #AIChatbot #SentinelAI #NexMind",evolve obsolete architects tomorrow forged today ai chatgpt futureofwork artificialintelligence techinnovation machinelearning nextgenai airevolution thesingularity automation deeplearning aiforbusiness agi aichatbot sentinelai nexmind
1891329227569676345,contentbuffer,"Backdoors in Encrypted Services

 #encryption #security #government #artificialintelligence #engineer #viralvideos #engineering #reelsvideo #technology #viral #viralreels #tech #AI

https://t.co/jXtw6515Vi https://t.co/4hyCX1yEZd",backdoors encrypted services encryption security government artificialintelligence engineer viralvideos engineering reelsvideo technology viral viralreels tech ai
1891329222226194885,Hostinghome1,"Flask &amp; Django hosting made easy! Get fast and secure Python Shared Hosting at Hosting Home.
visit us
https://t.co/J8RhTDyJIt
contact us
+91-8904123452
#pythonserver #python #programming #coding #java #javascript #programmer #developer #html #coder #code #css #machinelearning https://t.co/hhEhnsjY9v",flask amp django hosting made easy get fast secure python shared hosting hosting home visit us contact us pythonserver python programming coding java javascript programmer developer html coder code css machinelearning
1891329195336147011,SteveKlinko,Please click on this: https://t.co/icegk6nRgU to Understand the Timelessness of Conscious Space. #Mind #Consciousness #Philosophy #AI #ArtificialIntelligence #Engineering,please click understand timelessness conscious space mind consciousness philosophy ai artificialintelligence engineering
1891329074682888290,real_real290,"RT @MezbahOfficial_: #ai,#tech,#forex,#stocks,#trading,#crypto,#blockchain,#investing,#machinelearning,#deeplearning,   #bigdata,#cybersecu‚Ä¶",rt aitechforexstockstradingcryptoblockchaininvestingmachinelearningdeeplearning bigdatacybersecu
1891328486490382637,molacc,"RT @Ronald_vanLoon: 6 Way to accelerate the use of #AI for social good
by @antgrasso

#ArtificialIntelligence #MachineLearning #ML #Tech #T‚Ä¶",rt way accelerate use ai social good artificialintelligence machinelearning ml tech
1891328338913833452,DevilTunesMusic,"My @SunoMusic profile where the magic takes place:  https://t.co/hUCadNeOOo 

#dubstep #music #electronicmusic #ai #artificialintelligence #deviltunes",profile magic takes place dubstep music electronicmusic ai artificialintelligence deviltunes
1891327979063820753,SciKitLearn,"Scikit-Learn Gaussian Process with ""WhiteKernel"" Kernel
https://t.co/Anx43SsEZC

#SciKitLearn #DataScience #MachineLearning https://t.co/dUCu4uA7gg",scikitlearn gaussian process whitekernel kernel scikitlearn datascience machinelearning
1891333559740182919,neuralx64877,"NeuralX-AI is looking for Data Science/ML Interns

üîπ Work on AI-driven intrusion detection for connected vehicles.!
üìç Remote (Canada/US) | 6-month internship
https://t.co/eRSY7LW0QO 
#Hiring #AIStartup #DataScience #MachineLearning #Cybersecurity",neuralxai looking data scienceml interns work aidriven intrusion detection connected vehicles remote canadaus month internship hiring aistartup datascience machinelearning cybersecurity
1891333097657892942,Magnonk909,"Unleash the power of AI without the complexity! NodeShift AI makes it easy to deploy and manage your AI/ML models.  Get started today! #NodeShiftAI #AIML #MachineLearning #CloudComputing

@nodeshiftai",unleash power ai without complexity nodeshift ai makes easy deploy manage aiml models get started today nodeshiftai aiml machinelearning cloudcomputing
1891332788432871488,tobbyjaslee,#AiAgent - #trending #Crypto Meets AI : Your Starter Guide to AI Agent Investments https://t.co/4FG0wUR7J0  #qualifiedleads #conversion #globalreach #salesautomation #leadgeneration #bsales #artificialintelligence #ai #openai #futureready,aiagent trending crypto meets ai starter guide ai agent investments qualifiedleads conversion globalreach salesautomation leadgeneration bsales artificialintelligence ai openai futureready
1891332707948339520,InnovatorVibes,#tech¬†#TechnologyTrends #Innovation #TechNews #DigitalTransformation #FutureOfTech #AI #MachineLearning #CloudComputing #Cybersecurity #BigData #IoT #SmartDevices #TechForGood #Robotics #SoftwareDevelopment #DataScience #5G #AugmentedReality #VirtualReality #TechEducation https://t.co/kgemX3F3Fs,tech technologytrends innovation technews digitaltransformation futureoftech ai machinelearning cloudcomputing cybersecurity bigdata iot smartdevices techforgood robotics softwaredevelopment datascience g augmentedreality virtualreality techeducation
1891332679880077794,techcoderm,"RT @ipfconline1: 4 Reasons Why Network Detection and Response is the Future of #Cybersecurity 

https://t.co/BJyi5SuaDv @NetworkComputin
#M‚Ä¶",rt reasons network detection response future cybersecurity
1891332177725456767,tut_ml,"12 Best Courses to Learn Deep Learning!
https://t.co/oBIrhi0qzZ

@KirkDBorne
@antgrasso
@ronald_vanloon
#MachineLearning #DeepLearning #BigData #Datascience #ML #HealthTech #DataVisualization #ArtificialInteligence #SoftwareEngineering #GenAI #deeplearning #ChatGPT #OpenAI‚Ä¶ https://t.co/wonl2rsyIF",best courses learn deep learning machinelearning deeplearning bigdata datascience ml healthtech datavisualization artificialinteligence softwareengineering genai deeplearning chatgpt openai
1891331968819773592,Theo_Zou,"RT @RemoteSens_MDPI: #mostcited
Estimation of Surface #NO2 Concentrations over Germany from #TROPOMI Satellite Observations Using a #Machin‚Ä¶",rt mostcited estimation surface concentrations germany tropomi satellite observations using machin
1891331897785008232,tut_ml,"FREE Statistics Courses- https://t.co/04Hg1nfODd

@KirkDBorne
@antgrasso
@ronald_vanloon
#MachineLearning #DeepLearning #BigData #Datascience #ML #HealthTech #DataVisualization #ArtificialInteligence #SoftwareEngineering #GenAI #deeplearning #ChatGPT #OpenAI #python #AI #keras‚Ä¶ https://t.co/OxlcTm1XCt https://t.co/kGGW8B2o52",free statistics courses machinelearning deeplearning bigdata datascience ml healthtech datavisualization artificialinteligence softwareengineering genai deeplearning chatgpt openai python ai keras
1891331745250730163,kdagiit,"Data prep is like cooking, model training is like baking, but deploying ML pipelines is like opening a restaurant - all the ingredients must come together in harmony or the whole dish falls apart #MLPipelines #MachineLearning",data prep like cooking model training like baking deploying ml pipelines like opening restaurant ingredients must come together harmony whole dish falls apart mlpipelines machinelearning
1891331742679613479,S0cialM3d1a,What level of cycle security is secure enough with Terry Ziemniak https://t.co/5FCPjWRuWU via @DLAIgnite #SocialSelling #DigitalSelling #Leadership #Business #CyberSecurity #ArtificialIntelligence #GenAI #CISO #CIO #CyberThreats #CyberAttacks #DataBreaches #CyberStrategy https://t.co/SjSESYDvuf,level cycle security secure enough terry ziemniak via socialselling digitalselling leadership business cybersecurity artificialintelligence genai ciso cio cyberthreats cyberattacks databreaches cyberstrategy
